-0.048828423023224,0.20128254592419,0.074969805777073,0.026381565257907,-0.084563665091991,0.042306341230869,-0.049029365181923,-0.012884545139968,0.015234568156302,-0.11413538455963,0.024793850257993,-0.079497084021568,-0.1114189401269,-0.070209994912148,0.0042424369603395,-0.083365246653557,-0.092170096933842,-0.080422043800354,0.099603526294231,-0.13606034219265,0.072531476616859,0.064551457762718,-0.065424390137196,-0.0503149330616,0.10948352515697,-0.026792034506798,0.031178794801235,-0.067050762474537,0.060789026319981,0.057678584009409,0.05030981823802,-0.15077917277813,0.042154125869274,-0.025359492748976,0.064184166491032,0.016057537868619,0.051513660699129,-0.066550865769386,0.0079206069931388,0.075508825480938,0.050110928714275,-0.049044869840145,-0.0027147969231009,0.10725374519825,0.00087715667905286,0.2018096446991,0.13906386494637,-0.16073524951935,-0.11358718574047,-0.11318225413561,-0.015326150692999,0.21946629881859,0.035630509257317,0.033792898058891,0.010659446008503,0.057400975376368,0.070208497345448,-0.083776898682117,-0.0055551361292601,-0.058186832815409,0.016238098964095,-0.079646363854408,-0.0031400369480252,0.015895910561085,0.042551167309284,-0.15399768948555,0.12886121869087,-0.086804285645485,0.12768219411373,0.14395105838776,0.044185362756252,-0.019857805222273,-0.053627192974091,-0.090144246816635,0.11887892335653,0.031299337744713,-0.16206142306328,0.14385928213596,-0.097528345882893,0.10105291754007,-0.12032504379749,0.11315882205963,0.069414556026459,0.1174024939537,0.027530636638403,0.079451836645603,0.024038152769208,-0.079228386282921,-0.14338120818138,-0.021190114319324,-0.027288878336549,-0.03791680932045,-0.048489317297935,-0.088563464581966,-0.064114972949028,-0.12853603065014,0.07130740582943,0.039333399385214,0.074397958815098,-0.022221548482776,-0.099182680249214,0.12591873109341,0.067356444895267,0.016412880271673,-0.077358782291412,-0.019633006304502,0.050212297588587,0.16051124036312,-0.054309502243996,-0.029883619397879,0.037982378154993,-0.14362759888172,-0.18783041834831,-0.10253358632326,0.009355328977108,0.034034810960293,-0.05980471521616,-0.20704288780689,0.070699959993362,-0.0052704578265548,0.062150821089745,0.068991348147392,-0.057103887200356,0.024792360141873,0.11530817300081,0.0032510138116777,0.14896236360073,0.12099331617355
-0.064744465053082,0.19233271479607,0.10937365889549,-0.014626688323915,-0.088615290820599,0.079286329448223,-0.08833833783865,0.038941226899624,-0.0013444186188281,-0.11990948021412,0.0084709785878658,-0.094792850315571,-0.1349501311779,-0.095027983188629,0.025589909404516,-0.1265362650156,-0.12607707083225,-0.070721864700317,0.10427375882864,-0.13763736188412,0.047752194106579,0.075910821557045,-0.0043110074475408,-0.069544605910778,0.092413336038589,-0.05143016576767,0.062153425067663,-0.050338629633188,0.042811341583729,-0.031307902187109,0.082741022109985,-0.2660186290741,0.049667231738567,-0.040193472057581,0.083048783242702,0.01975261233747,0.019322047010064,-0.067315809428692,-0.017325738444924,0.094373025000095,0.036660183221102,-0.026161272078753,-0.050143547356129,0.12053718417883,-0.041121799498796,0.16084037721157,0.11289718002081,-0.14309006929398,-0.12826617062092,-0.036968786269426,-0.051580168306828,0.20652429759502,0.024600438773632,0.033934142440557,-0.041903667151928,0.035152178257704,0.088032521307468,-0.076377600431442,-0.027390750125051,-0.083501726388931,-0.0085564404726028,-0.030061386525631,0.019815873354673,0.021138824522495,0.04536909237504,-0.15791313350201,0.1240643709898,-0.077301912009716,0.097490102052689,0.18315735459328,0.067799091339111,-0.011114739812911,-0.02791890874505,-0.070540472865105,0.11032663285732,0.014169542118907,-0.19494692981243,0.10610421746969,-0.051552064716816,0.09857389330864,-0.15112113952637,0.078272439539433,0.080828800797462,0.13253080844879,0.020724195986986,0.061361066997051,0.012872774153948,-0.047193452715874,-0.11101761460304,-0.017402831465006,5.6301742006326e-05,-0.031564019620419,-0.020508825778961,-0.080307602882385,-0.029675666242838,-0.15900151431561,0.060210786759853,0.070985071361065,-0.001660269103013,-0.01254381518811,-0.10812053084373,0.1282113045454,0.04139893501997,-0.03861977905035,-0.043760314583778,0.0040433630347252,0.075948245823383,0.11122764647007,-0.030000181868672,-0.033330924808979,0.066460832953453,-0.12066161632538,-0.12301883846521,-0.060498546808958,-0.00079504773020744,0.035096753388643,-0.044256027787924,-0.17150695621967,0.098243966698647,0.0025208913721144,0.05862145870924,0.020856246352196,-0.076275892555714,-0.0013410291867331,0.12190376222134,-0.013070501387119,0.17217500507832,0.13796597719193
-0.073851503431797,0.15072925388813,0.057691227644682,-0.042003396898508,-0.023911818861961,0.12199044972658,-0.086668021976948,0.015970721840858,-0.024462314322591,-0.040904380381107,0.017486417666078,-0.042108010500669,-0.045179203152657,-0.087858825922012,0.013475145213306,0.021868888288736,-0.17857372760773,-0.065911538898945,0.020354816690087,-0.13081113994122,0.13100816309452,0.039400428533554,0.013240663334727,-0.13882288336754,0.086746364831924,0.054873131215572,0.0079173613339663,-0.13167044520378,0.014761658385396,0.0078700752928853,0.055035561323166,-0.055295344442129,0.0098907668143511,0.021715259179473,0.037368603050709,0.045227974653244,0.010795027948916,-0.029731215909123,0.067691504955292,0.085709936916828,0.068411707878113,-0.088465832173824,0.010708993300796,0.085551105439663,-0.0287478659302,0.12092415988445,0.14954228699207,-0.12857586145401,-0.14388932287693,-0.086794085800648,0.024112297222018,0.15477947890759,-0.060468520969152,0.068141140043736,0.03578757122159,0.037641193717718,0.1230318620801,-0.089605428278446,-0.029643557965755,-0.076680541038513,0.00081042951205745,-0.096419490873814,0.022680068388581,0.020847106352448,0.093309089541435,-0.14021180570126,0.035079639405012,0.085739932954311,0.16665636003017,0.21296459436417,0.045555785298347,0.077676884829998,-0.067807778716087,-0.10077192634344,0.1079862639308,0.03273344412446,-0.18527546525002,0.13317739963531,-0.10884236544371,0.089956797659397,-0.092125594615936,0.095285229384899,0.12549179792404,0.14962050318718,-0.11290590465069,0.085113942623138,0.11675471812487,0.017057381570339,-0.082374565303326,-0.02473864518106,-0.045500807464123,-0.054881438612938,-0.089991934597492,-0.04164856299758,-0.12832613289356,-0.082879312336445,0.023925483226776,0.10298701375723,0.021861303597689,-0.0031558368355036,-0.058340296149254,0.056050010025501,0.0035873516462743,0.044521290808916,0.025639217346907,-0.026155386120081,-0.062048867344856,0.18283441662788,-0.043480660766363,-0.069375611841679,-0.051919911056757,-0.061036922037601,-0.18930643796921,-0.083001501858234,0.095494583249092,0.042532283812761,-0.076084084808826,-0.17046412825584,0.059007916599512,0.05556084215641,0.13441483676434,0.074771650135517,0.041169174015522,0.011297234334052,0.091474257409573,0.0060400846414268,0.15044865012169,0.17570853233337
-0.079806432127953,0.18832248449326,0.093329600989819,-0.0025912299752235,-0.085913486778736,0.043991696089506,-0.054625734686852,-0.0098266312852502,0.12876875698566,-0.099984593689442,0.038883160799742,-0.055420313030481,-0.094484321773052,-0.05084154009819,0.0039394595660269,-0.098235800862312,-0.13509914278984,-0.12856078147888,0.032608896493912,-0.12608486413956,0.068589948117733,0.09833812713623,-0.12406534701586,0.0110780345276,0.086768977344036,-0.0065562441013753,0.033876948058605,-0.022404527291656,0.049866780638695,0.067832827568054,0.078765667974949,-0.16435199975967,0.029579516500235,0.00079095683759078,0.031360987573862,0.073272861540318,0.067640334367752,-0.056488759815693,-0.022435577586293,0.1218725591898,0.074522756040096,-0.041867312043905,-0.027668012306094,0.086073145270348,0.048407413065434,0.12886309623718,0.097407080233097,-0.11503075808287,-0.0094308201223612,-0.088871285319328,-0.021868592128158,0.22170640528202,-6.2217186496127e-05,0.036644417792559,0.083779416978359,0.07303275167942,-0.0097824698314071,-0.069442503154278,-0.040970664471388,-0.076480567455292,-0.018096977844834,-0.11932194977999,-0.004376566503197,0.04478457942605,-0.013113219290972,-0.16737900674343,0.16856127977371,-0.048409949988127,0.15326663851738,0.14830847084522,0.065522938966751,0.004344092682004,-0.040877547115088,-0.071528725326061,0.14906360208988,0.048621889203787,-0.166429489851,0.17052115499973,-0.089415058493614,0.10381641238928,-0.054173365235329,0.15088555216789,0.11876234412193,0.14256538450718,0.035374067723751,0.055481512099504,0.085295803844929,-0.021067705005407,-0.095429420471191,-0.0091271493583918,-0.05297888815403,-0.07141450792551,-0.0036411734763533,-0.061849165707827,-0.10694845020771,-0.14086051285267,0.028495265170932,-0.054496522992849,0.098807096481323,-0.020965129137039,-0.075752936303616,0.099132977426052,0.031630873680115,-0.011602810584009,-0.087076872587204,-0.0082232980057597,-0.015707606449723,0.085310749709606,-0.083691477775574,0.0011296742595732,0.046754777431488,-0.11430113017559,-0.22107526659966,-0.059126831591129,-0.00026087797596119,0.055493641644716,-0.042196489870548,-0.18537364900112,0.017754882574081,-0.0041291718371212,0.095870800316334,0.10220384597778,-0.032019823789597,0.039470385760069,0.063280075788498,0.025350397452712,0.13094802200794,0.14694164693356
-0.095378406345844,0.18767832219601,0.044922880828381,-0.073477789759636,-0.085251241922379,0.027567716315389,-0.070368863642216,0.0047669974155724,0.042394798249006,-0.084491148591042,0.0044183270074427,-0.039055429399014,-0.095832467079163,-0.010571396909654,0.0067049013450742,-0.10598819702864,-0.095524400472641,-0.092190466821194,0.11449971050024,-0.16291770339012,0.0095501998439431,0.12451552599669,-0.0098208989948034,-0.025633359327912,0.063145145773888,0.005899753421545,0.15724948048592,-0.018562529236078,0.066140480339527,0.04916362836957,0.05356165394187,-0.23311780393124,0.10383874177933,-0.04395218193531,0.018315568566322,0.00093801156617701,0.04620024934411,-0.021046157926321,-0.01992922835052,0.19950497150421,0.025988221168518,-0.006074926815927,-0.031269483268261,0.1303014010191,-0.042414240539074,0.14817908406258,0.10368698835373,-0.16469803452492,-0.04466999322176,-0.07127632945776,0.0045750131830573,0.19571317732334,0.012700476683676,0.029126770794392,-0.027593540027738,0.097507506608963,0.087582901120186,0.011220974847674,-0.038220960646868,-0.011849969625473,-0.043236076831818,-0.10522498190403,0.031627029180527,0.026543840765953,0.048711534589529,-0.20637767016888,0.10963919013739,-0.074723869562149,0.089552029967308,0.16720141470432,0.049896169453859,-0.02063493616879,-0.060431435704231,-0.065012246370316,0.15407694876194,0.058614384382963,-0.16966481506824,0.10777549445629,-0.098724752664566,0.056978162378073,-0.12354923784733,0.086644232273102,0.12089344859123,0.17622117698193,0.0031809667125344,0.011081235483289,0.05453572422266,-0.071797177195549,-0.1201413422823,-0.050833038985729,-0.095089949667454,-0.064950451254845,-0.0026461353991181,-0.074013456702232,0.028424967080355,-0.13212162256241,0.03302451595664,0.053915925323963,0.073908366262913,0.0072970106266439,-0.1380183249712,0.11080465465784,0.044605288654566,0.051127571612597,-0.081359677016735,-0.051375467330217,-0.0042150653898716,0.070756331086159,-0.071482047438622,-0.075408779084682,0.071733191609383,-0.11631679534912,-0.12224490940571,-0.026834726333618,-0.050939541310072,0.062321744859219,-0.0097052659839392,-0.16887211799622,0.07508784532547,0.044321175664663,0.090808093547821,0.027357384562492,-0.11110965907574,-0.030378755182028,0.057830840349197,0.011397528462112,0.060777932405472,0.15167108178139
-0.088770121335983,0.18792669475079,0.054586172103882,-0.046277925372124,-0.090013891458511,0.094341367483139,-0.14135181903839,-0.03435343131423,-0.045573994517326,-0.076778285205364,0.0054646865464747,-0.076229758560658,-0.054644268006086,-0.09653402119875,0.041624955832958,-0.057573061436415,-0.1545472741127,-0.12682102620602,0.089419178664684,-0.11919363588095,0.018172895535827,0.048101905733347,0.049319803714752,-0.072814658284187,0.093442767858505,0.029473213478923,0.075742065906525,-0.11765044182539,0.0063000898808241,-0.022411081939936,0.10676171630621,-0.14900974929333,0.034877255558968,-0.010476488620043,0.027534598484635,0.030594676733017,0.011674935929477,-0.020461807027459,0.064543232321739,0.14744985103607,0.037848651409149,-0.11315956711769,-0.06847669929266,0.084831647574902,-0.023956110700965,0.18763004243374,0.13371115922928,-0.097828648984432,-0.15338307619095,-0.062523767352104,-0.012553477659822,0.17223873734474,0.059371750801802,0.00868761818856,-0.072895132005215,0.033614240586758,0.12595856189728,-0.045188687741756,-0.0044454345479608,-0.061411947011948,-0.022437063977122,-0.012952654622495,0.015538958832622,0.022269433364272,0.042835015803576,-0.13507248461246,0.10448192805052,0.030328162014484,0.11065428704023,0.12052207440138,0.013588832691312,0.000913884898182,-0.0895179733634,-0.08068186044693,0.17265355587006,0.022657630965114,-0.21596032381058,0.067748628556728,-0.066482923924923,0.22281500697136,-0.12260526418686,0.015717292204499,0.087847903370857,0.13043430447578,-0.087895222008228,0.080368757247925,0.060197625309229,-0.081538692116737,-0.15184272825718,-0.068889200687408,-0.052018191665411,-0.028704591095448,0.030927957966924,-0.012080523185432,-0.11362922936678,-0.11360892653465,0.033093117177486,0.080250449478626,0.033805537968874,-0.062357131391764,-0.087050423026085,0.076061442494392,-0.018461383879185,0.072857201099396,-0.00011006215208909,-0.033473756164312,-0.0069883340038359,0.19094163179398,-0.050013814121485,-0.048356983810663,0.036423802375793,-0.055042650550604,-0.14042681455612,-0.065801963210106,-0.030353596433997,0.067662037909031,-0.15199947357178,-0.12941786646843,0.084377393126488,0.063554786145687,0.093505807220936,0.012941185384989,-0.091335490345955,-0.0051001361571252,0.076706014573574,0.0027148195076734,0.058824367821217,0.14110879600048
-0.083210721611977,0.16390416026115,0.16899535059929,-0.10976082831621,-0.047783397138119,0.077922999858856,-0.04744703695178,0.16109383106232,0.15745303034782,0.027155162766576,0.0010472353314981,-0.16018599271774,-0.077188961207867,-0.09377783536911,0.068958312273026,-0.075201593339443,-0.099744029343128,-0.06516307592392,-0.070586912333965,-0.14335563778877,0.097247824072838,0.080261245369911,-0.078396141529083,-0.038143936544657,0.020054584369063,-0.056165061891079,0.003370747435838,0.015025223605335,0.099249847233295,-0.087394393980503,0.10702204704285,-0.21533772349358,-0.023987093940377,0.026123164221644,0.076608628034592,0.057333037257195,0.056801926344633,0.016656778752804,-0.049058418720961,0.052996717393398,0.011615501716733,-0.020017104223371,-0.11455758661032,0.033140886574984,0.10127396136522,0.08665107935667,-0.04665519297123,0.012684211134911,-0.037537340074778,-0.051788985729218,-0.074197024106979,0.22919946908951,-0.079698786139488,-0.009246040135622,0.0025891058612615,0.015950407832861,0.024210745468736,-0.15058623254299,-0.052221640944481,-0.14390113949776,0.018261583521962,-0.092378832399845,-0.057075839489698,0.064093351364136,-0.039483200758696,-0.14178976416588,0.10652328282595,0.10092647373676,0.16629408299923,0.20030869543552,0.082390978932381,0.026128191500902,-0.030710561200976,-0.10836540162563,0.03817431256175,-0.005602162797004,-0.1502807289362,0.22300687432289,0.025746939703822,-0.0053592254407704,-0.071372076869011,0.1428337097168,0.092675767838955,0.13316383957863,0.075066961348057,-0.022038115188479,0.081911563873291,0.12986344099045,0.070494368672371,0.053068693727255,0.0063663437031209,-0.027217218652368,-0.010726121254265,-0.0081591894850135,-0.075160518288612,-0.11222333461046,0.029780795797706,-0.064577423036098,-0.043546453118324,-0.0029286136850715,0.044194113463163,0.057688523083925,-0.070582047104836,-0.095046348869801,0.0015676581533626,-0.042176127433777,-0.018467711284757,-0.068672403693199,0.048929162323475,0.00062516500474885,0.031528539955616,-0.011721060611308,-0.16171003878117,0.015679407864809,0.11258587241173,0.046681094914675,-0.078614719212055,-0.15857976675034,-0.030993524938822,-0.04723409563303,0.052650075405836,0.11784882843494,0.03023779951036,0.093197256326675,0.083426214754581,-0.043470941483974,0.138815715909,0.060875151306391
-0.071482792496681,0.24498225748539,0.22796122729778,-0.1203448548913,-0.048132602125406,0.019292006269097,-0.020680399611592,0.11144435405731,0.1365277916193,0.03880775347352,0.047321502119303,-0.18034721910954,-0.00020578644762281,0.0021258643828332,0.1182347163558,-0.056291207671165,-0.069049686193466,-0.048445910215378,-0.19221509993076,-0.1078896895051,0.055975489318371,0.11128113418818,-0.078336022794247,-0.03978631272912,0.0050358567386866,-0.11501489579678,-0.044220238924026,0.15415921807289,0.14239500463009,-0.046684987843037,0.050819542258978,-0.14005081355572,-0.0073256883770227,0.051683519035578,0.043555360287428,0.037189844995737,0.080200150609016,0.076434336602688,-0.034246411174536,0.077645011246204,0.00022792970412411,-0.0095613189041615,-0.067248113453388,-0.039824098348618,0.085086271166801,0.10549679398537,-0.06995864212513,0.045553158968687,-0.057846240699291,-0.037324104458094,-0.055656705051661,0.24820770323277,-0.13742533326149,0.016440771520138,-0.032419074326754,-0.01531243044883,-0.040890876203775,-0.15506123006344,-0.056884501129389,-0.11360011249781,-0.031795781105757,-0.070040114223957,-0.11201126128435,0.090948805212975,-0.11521635204554,-0.017834970727563,0.096687614917755,0.13150325417519,0.070190012454987,0.12831918895245,0.13175681233406,-0.012430869042873,0.017457159236073,-0.069898419082165,0.10971914976835,0.014277340844274,-0.12455204129219,0.1182413995266,0.045242644846439,-0.012978600338101,0.02238455414772,0.098436050117016,0.081373982131481,0.12506441771984,0.075810119509697,0.017920969054103,0.037064455449581,0.073416896164417,0.052485659718513,0.11362071335316,-0.0062354314140975,-0.093077316880226,0.016617096960545,0.012443683110178,-0.12776629626751,-0.14335462450981,-0.032377820461988,-0.072345621883869,-0.018608413636684,-0.025520287454128,0.033279582858086,0.065486922860146,-0.032030377537012,-0.021187687292695,-0.028592744842172,-0.0012611128622666,-0.05001874640584,0.0074899643659592,0.12865820527077,-0.054210405796766,0.041466247290373,0.00066909851739183,-0.19540405273438,0.1077347099781,0.047971528023481,0.010830661281943,-0.10283746570349,-0.057207446545362,-0.04231321066618,-0.034516628831625,0.043007642030716,0.10387574136257,-0.014510631561279,0.13218258321285,0.11100879311562,-0.04943659901619,0.12012153118849,0.015034955926239
-0.025586277246475,0.24037089943886,0.15902768075466,-0.098133347928524,-0.039515435695648,0.034828379750252,-0.025917794555426,0.091778814792633,0.14516296982765,0.065418414771557,0.079426005482674,-0.17972326278687,-0.0065058604814112,-0.026869937777519,0.10689533501863,-0.037850860506296,-0.037724055349827,-0.020591398701072,-0.17767569422722,-0.12287336587906,0.052427627146244,0.095446422696114,-0.066682532429695,-0.075212754309177,0.029657969251275,-0.12170342355967,0.011690823361278,0.13191621005535,0.11095622181892,-0.028379462659359,0.033269703388214,-0.10645509511232,0.012311219237745,0.05668993294239,0.05628253147006,0.006986016407609,0.092448078095913,0.05090994015336,0.00099327124189585,0.026895396411419,-0.014107095077634,-0.060610201209784,-0.071909263730049,-0.029122348874807,0.078178644180298,0.12700332701206,-0.09693368524313,0.062071748077869,-0.08742368221283,-0.064596064388752,-0.026614343747497,0.27123317122459,-0.11281353235245,0.0026854178868234,-0.067627765238285,-0.025324592366815,-0.033306427299976,-0.20334577560425,-0.075660213828087,-0.097370706498623,-0.021408038213849,-0.11643097549677,-0.096203275024891,0.070363871753216,-0.094713553786278,-0.0095600187778473,0.055271461606026,0.17230351269245,0.073391772806644,0.13056723773479,0.10765669494867,-0.042663089931011,-0.024292539805174,-0.1440344452858,0.071558088064194,0.015051138587296,-0.092623822391033,0.11347128450871,0.0063659679144621,0.0042733675800264,0.00049742858391255,0.074553787708282,0.053965825587511,0.099280163645744,0.064375303685665,0.036646272987127,0.012702716514468,0.050725266337395,0.055284511297941,0.13835968077183,-0.013981350697577,-0.10360538214445,-0.034721910953522,0.045975551009178,-0.13569840788841,-0.12440989911556,-0.030941627919674,-0.098978094756603,-0.00020919577218592,-0.044430069625378,0.08758007735014,0.055047821253538,-0.033379428088665,-0.027509676292539,0.014456254430115,-0.025634534657001,-0.023977909237146,0.027082214131951,0.10466718673706,-0.054164908826351,0.024484269320965,-0.00068715424276888,-0.16745983064175,0.096028089523315,0.080622874200344,-0.018579714000225,-0.15375779569149,-0.041756823658943,-0.0015068332431838,-0.032460179179907,0.048113908618689,0.087894558906555,0.0052890065126121,0.15241102874279,0.19199442863464,-0.073211327195168,0.15241253376007,-0.013432173989713
-0.028593650087714,0.19079080224037,0.10902170836926,-0.15173667669296,0.037282761186361,-0.023018676787615,-0.0014334568986669,0.073490388691425,0.07433719933033,0.011426175013185,-0.013957593590021,-0.14945428073406,0.020799392834306,0.031680643558502,0.17726238071918,-0.067710041999817,7.7912685810588e-05,-0.056520573794842,-0.067490428686142,-0.12402854859829,0.031921815127134,0.14040218293667,-0.047350604087114,-0.12941524386406,0.089111462235451,-0.066636212170124,0.0082529820501804,0.13530388474464,0.15057910978794,0.035190641880035,0.052014451473951,-0.043961472809315,0.099151015281677,0.04019121453166,0.075590893626213,-0.05846431851387,0.155533015728,0.026609865948558,0.068031698465347,-0.053815085440874,0.081070810556412,-0.066978111863136,0.083916932344437,0.033769242465496,-0.025825260207057,0.13621845841408,-0.046911761164665,0.048461470752954,-0.039116743952036,-0.098468400537968,-0.082322359085083,0.19445194303989,0.006580135319382,0.014125974848866,-0.037572413682938,-0.016478717327118,-0.013089323416352,-0.15130238234997,-0.088211715221405,-0.11516647040844,-0.048535738140345,-0.11187315732241,-0.11507066339254,0.12225686013699,-0.11939683556557,0.0748370885849,0.013127131387591,0.098736368119717,0.073695249855518,-0.01600974611938,0.045569635927677,-0.088286079466343,-0.067208215594292,-0.14037148654461,0.12172649800777,0.04015239328146,-0.096395827829838,-0.0014644757611677,0.034571316093206,0.054306484758854,0.025833990424871,0.078220523893833,0.11283278465271,0.16876412928104,0.15317721664906,-0.012378466315567,0.015667166560888,0.066915683448315,0.032320357859135,0.12048701941967,0.026442117989063,-0.056043617427349,-0.069424457848072,0.0030029993504286,-0.13271677494049,-0.14893631637096,-0.046053741127253,0.053462382405996,-0.015854589641094,-0.10757686942816,0.040106505155563,0.05266885086894,0.098557852208614,0.016035431995988,-0.097331017255783,-0.031879954040051,-0.034411747008562,0.10892426967621,0.14686697721481,-0.060276784002781,0.088769532740116,-0.078217953443527,-0.25578129291534,0.077921099960804,0.018739029765129,-0.039683807641268,-0.07540375739336,-0.081906326115131,0.016315545886755,0.019763693213463,0.13187143206596,0.073926024138927,-0.035044975578785,0.085191480815411,0.065454728901386,-0.12240616232157,0.13850922882557,0.043379977345467
-0.041126076132059,0.21060787141323,0.08862391859293,0.077789634466171,-0.064799547195435,0.081828072667122,-0.025043500587344,0.090768292546272,0.13429997861385,0.03815907612443,0.12968751788139,-0.022894306108356,-0.0093076881021261,-0.15978620946407,0.033972889184952,-0.051577024161816,-0.0774295181036,0.073309168219566,-0.13167157769203,0.0012121446197852,0.06610606610775,-0.06183522567153,-0.03642687946558,-0.015685943886638,0.041951712220907,-0.20117846131325,-0.070708371698856,-0.00043219054350629,-0.082531630992889,0.010657184757292,0.040266938507557,-0.091481745243073,0.067171305418015,0.12811832129955,-0.0012084041954949,0.013955490663648,0.10588141530752,-0.061601635068655,-0.07209612429142,0.027659485116601,0.033597577363253,-0.098096713423729,0.063642829656601,-0.019165450707078,-0.0052594663575292,-0.16369186341763,0.062365137040615,-0.064968295395374,-0.041991479694843,0.14093397557735,0.0768191665411,-0.017862817272544,-0.20312905311584,0.080314889550209,0.020025279372931,0.063285045325756,-0.12144595384598,-0.21443057060242,-0.033922858536243,-0.055008672177792,-0.045572619885206,-0.13303908705711,-0.068291164934635,-0.15950313210487,0.053795881569386,-0.05681137368083,0.051653213799,-0.075950056314468,-0.075909726321697,0.11358971893787,0.043472692370415,0.042229641228914,0.0029727264773101,0.0059834322892129,0.0030176711734384,-0.030982272699475,0.032166626304388,0.11352505534887,-0.055509094148874,-0.045985482633114,-0.13538502156734,0.0020816826727241,0.018600899726152,0.096978828310966,-0.0035350976977497,0.15917439758778,-0.013309360481799,-0.037855755537748,0.1150017157197,0.086604408919811,-0.072319641709328,-0.2073770314455,-0.03329361975193,-0.071254849433899,-0.052091706544161,-0.086635515093803,-0.10950607061386,-0.045350681990385,-0.076927088201046,0.073876976966858,-0.07168010622263,-0.0021144102793187,-0.0023793654982001,-0.0219701603055,0.12088231742382,0.068327113986015,0.029007328674197,0.04036670178175,-0.087927483022213,0.022527890279889,-0.16494056582451,-0.054354373365641,-0.034286048263311,0.022175462916493,0.019963333383203,-0.11361379176378,0.098816491663456,-0.035260044038296,0.073430366814137,0.030958823859692,0.05714575201273,0.10886266082525,0.013987950980663,0.18403503298759,0.21567304432392,-0.09865790605545,0.18732295930386,0.054366387426853
-0.021785002201796,0.14564134180546,0.10379631817341,0.048922479152679,-0.052831709384918,0.10323806852102,-0.035419348627329,0.1255567073822,0.12006589025259,0.039733603596687,0.15016688406467,-0.01508856844157,0.0092970859259367,-0.1561299264431,0.0473612844944,-0.063163258135319,-0.078102596104145,0.10720398277044,-0.14515487849712,-0.0063687711954117,0.082721814513206,-0.026293944567442,-0.01471558958292,-0.0045038228854537,0.025877073407173,-0.19620880484581,-0.054491698741913,-0.0054589444771409,-0.096738398075104,-0.023432923480868,0.048288743942976,-0.13675965368748,0.054843444377184,0.13284105062485,0.0010158559307456,0.018180683255196,0.061066742986441,-0.078932717442513,-0.074709095060825,0.047229003161192,0.029508342966437,-0.073256269097328,0.014744715765119,0.015760317444801,-0.038854818791151,-0.21936023235321,0.019724681973457,-0.047159422188997,-0.021534925326705,0.1621807962656,0.078854836523533,-0.044024989008904,-0.22616563737392,0.077760241925716,-0.020642768591642,0.054035648703575,-0.11271993815899,-0.19450345635414,-0.036163862794638,-0.040487095713615,-0.049590595066547,-0.1254723072052,-0.060923505574465,-0.1279331445694,0.033412333577871,-0.094389006495476,0.051912348717451,-0.049881882965565,-0.054875236004591,0.1325578391552,0.062907882034779,0.047735575586557,0.027904840186238,-0.016663540154696,-0.038121592253447,-0.053087528795004,0.0020221988670528,0.09473267942667,-0.048823732882738,-0.035409558564425,-0.12245366722345,-0.0082045681774616,0.041217271238565,0.088763229548931,-0.020166836678982,0.15310606360435,0.024546418339014,-0.032524332404137,0.10862320661545,0.074463397264481,-0.060381345450878,-0.19680345058441,-0.044233210384846,-0.061648741364479,-0.056855142116547,-0.10057985782623,-0.13986113667488,-0.052827529609203,-0.12100156396627,0.081782326102257,-0.054814893752337,0.0073319636285305,-0.0015222321962938,-0.055125128477812,0.15759798884392,0.056038837879896,0.026680778712034,0.0038440376520157,-0.072896189987659,0.018896114081144,-0.15530343353748,-0.052272014319897,-0.012928999960423,0.040996786206961,0.021877774968743,-0.091947175562382,0.11044128239155,-0.024489808827639,0.05830530449748,0.027880448848009,0.053140431642532,0.070917971432209,-0.0066158478148282,0.1749325543642,0.20554633438587,-0.11145452409983,0.18010312318802,0.085886619985104
-0.00021060634753667,0.1223164126277,0.084686577320099,0.062825337052345,-0.058109194040298,0.11344987154007,-0.027415169402957,0.13340429961681,0.12885472178459,0.03990326076746,0.1314340531826,-0.021861765533686,0.043738584965467,-0.13004343211651,0.067064262926579,-0.041894473135471,-0.036674559116364,0.093391932547092,-0.13617469370365,-0.02434266731143,0.096009165048599,-0.021211253479123,0.048843212425709,0.051672086119652,0.013460398651659,-0.25785055756569,-0.053192693740129,-0.057518780231476,-0.11091142147779,0.007440104149282,0.069526880979538,-0.13909447193146,0.081277035176754,0.13125059008598,-0.018011832609773,0.00081831123679876,0.055680774152279,-0.054756257683039,-0.10825772583485,0.086417883634567,-0.012892994098365,-0.067509844899178,-0.0316505394876,-0.016258366405964,-0.042609311640263,-0.20195618271828,-0.011303318664432,-0.050666570663452,0.0094582578167319,0.17363706231117,0.1257429420948,-0.059387315064669,-0.16418451070786,0.051526326686144,-0.056165590882301,0.069835379719734,-0.035658337175846,-0.17387670278549,0.0080219013616443,-0.011079639196396,-0.063584536314011,-0.10118443518877,-0.1083619967103,-0.17980203032494,0.047229945659637,-0.13901104032993,0.047050349414349,-0.035200361162424,-0.088952049612999,0.11210848391056,0.050287865102291,0.039419505745173,-0.024169884622097,-0.069093704223633,-0.039671041071415,-0.0042083864100277,0.014265961945057,0.073876462876797,-0.053336169570684,0.02397607639432,-0.13518725335598,-0.077037878334522,0.0330152772367,0.093383133411407,-0.016144609078765,0.16498233377934,0.02137640491128,-0.093517974019051,0.041263412684202,0.045484270900488,-0.1090646982193,-0.19763399660587,-0.023706657811999,-0.044647797942162,-0.061375427991152,-0.066896721720695,-0.1487237662077,-0.042439095675945,-0.1125662624836,0.11524834483862,0.0059674601070583,0.01800125837326,-0.017943408340216,-0.013879859820008,0.16442687809467,-0.006214598659426,0.01284815184772,-0.030793404206634,-0.076944299042225,0.011645946651697,-0.18436692655087,-0.054384078830481,0.023131459951401,0.0068948157131672,-0.0043521118350327,-0.010601060464978,0.09349350631237,0.015507173724473,0.0223134662956,0.095231093466282,0.031115390360355,0.039140731096268,-0.065249525010586,0.16269804537296,0.19816736876965,-0.082288235425949,0.12552167475224,0.093679323792458
-0.071404829621315,0.19888651371002,0.21574966609478,0.027409253641963,-0.036436267197132,0.10794502496719,0.057099726051092,0.087367907166481,0.10962656140327,0.0031666017603129,0.054366789758205,-0.006176836322993,-0.0084879519417882,-0.15665428340435,0.071540035307407,-0.075934275984764,-0.22254537045956,-0.01299218274653,-0.21020551025867,-0.016993172466755,0.10335063189268,-0.059309028089046,-0.011441087350249,-0.0092893075197935,0.033024840056896,-0.15342622995377,-0.14313416182995,-0.021729536354542,-0.01214823871851,-0.0041991886682808,0.05535302311182,-0.067553207278252,0.030155189335346,0.14940094947815,0.021368587389588,-0.011934684589505,0.040563333779573,0.063972502946854,-0.087761737406254,-0.0051019759848714,0.088429756462574,-0.14292129874229,0.023990850895643,-0.040945895016193,-0.031648766249418,-0.087762877345085,0.049491584300995,-0.048331383615732,-0.11688354611397,0.10713725537062,0.0065020965412259,0.04353654012084,-0.1423082202673,0.067782640457153,0.12072117626667,0.057287037372589,-0.11386315524578,-0.086864769458771,-0.11881452053785,-0.090746186673641,-0.081940032541752,-0.095414511859417,-0.0092717837542295,-0.093993872404099,0.089501515030861,0.036854114383459,0.0079213986173272,-0.025216612964869,-0.14358997344971,0.15848013758659,0.036373801529408,0.065329663455486,-0.032569542527199,0.072672717273235,0.082327969372272,0.0054004034027457,-0.0085843857377768,0.022051107138395,0.043402422219515,0.021432531997561,-0.11044416576624,-0.044389571994543,0.063726261258125,0.090888969600201,-0.03097097761929,0.029296714812517,0.057061195373535,0.054834123700857,0.10454452037811,0.14349156618118,0.02055973932147,-0.21243162453175,-0.0036127450875938,-0.035279016941786,-0.13498075306416,-0.072125606238842,-0.070391699671745,-0.025524649769068,0.015268981456757,0.060332354158163,-0.0079927928745747,0.018670124933124,-0.0595309920609,-0.017702467739582,0.068077437579632,0.087502785027027,-0.021527782082558,0.086582019925117,0.031395301222801,-0.069846779108047,-0.079585708677769,0.042391214519739,-0.14171302318573,0.0013519458007067,0.13000358641148,-0.013699455186725,0.059885822236538,-0.0013079452328384,0.095397606492043,0.14672788977623,0.11050432175398,0.076379053294659,-0.011937983334064,0.13396359980106,0.16461689770222,0.0074711279012263,0.23361226916313,0.044822629541159
-0.026687111705542,0.24897320568562,0.091927789151669,0.079446628689766,-0.017896337434649,0.080451808869839,-7.6522039307747e-05,0.038712210953236,0.12585404515266,0.019391432404518,0.10690834373236,-0.012369128875434,-0.013360992074013,-0.13341581821442,0.063603363931179,-0.052249610424042,-0.055509153753519,0.094193905591965,-0.14748477935791,-0.0038056324701756,0.077257916331291,-0.041532903909683,-0.04166116937995,-0.00070842943387106,0.085430428385735,-0.21271388232708,-0.085099078714848,0.01516299881041,-0.052204206585884,0.071622475981712,0.044081289321184,-0.018614053726196,0.073660433292389,0.15220911800861,0.020717741921544,-0.0023069940507412,0.13023245334625,-0.046341795474291,-0.046335477381945,-0.014535617083311,0.05652617290616,-0.089938469231129,0.12768034636974,-0.023528575897217,-0.02227876521647,-0.1330169737339,0.091612316668034,-0.061471853405237,-0.06751261651516,0.11792310327291,0.082884572446346,-0.013089066371322,-0.17198151350021,0.067460909485817,0.052827049046755,0.076753981411457,-0.14658315479755,-0.16692681610584,-0.049741305410862,-0.078706815838814,-0.067706719040871,-0.13310590386391,-0.053001433610916,-0.17475615441799,0.051403187215328,0.0043329652398825,0.03169022500515,-0.08547955006361,-0.13209792971611,0.12443779408932,0.030311767011881,0.038166850805283,-0.011389303952456,0.0060278973542154,0.016447858884931,-0.031610429286957,0.041009042412043,0.072189047932625,-0.05438707023859,-0.060636110603809,-0.11124847829342,0.052064474672079,0.0049544288776815,0.07881860435009,0.018124653026462,0.11996925622225,-0.035147659480572,-0.040611036121845,0.1078544780612,0.13474349677563,-0.038843739777803,-0.22561414539814,-0.057883303612471,-0.07518957555294,-0.040489051491022,-0.067043140530586,-0.11665715277195,-0.013123172335327,-0.042212080210447,0.055000647902489,-0.081579446792603,-0.0097277145832777,0.020381117239594,0.020948009565473,0.045743133872747,0.081530645489693,-0.0016316099790856,0.054338328540325,-0.057002156972885,-0.0020316813606769,-0.12120608985424,-0.032074846327305,-0.080195546150208,0.033508021384478,0.03952781111002,-0.13430860638618,0.085540659725666,-0.052306056022644,0.094265349209309,0.055167146027088,0.10747053474188,0.13154305517673,0.018137291073799,0.17925451695919,0.19893936812878,-0.10078034549952,0.20685286819935,0.0073816170915961
-0.03023574873805,0.2087621986866,0.1099771335721,0.063761629164219,-0.062346737831831,0.064938299357891,0.014342504553497,0.096669919788837,0.13657021522522,0.0048610391095281,0.13707523047924,-0.035898454487324,0.016829101368785,-0.15299256145954,0.041884873062372,-0.09552314132452,-0.091754920780659,0.068583369255066,-0.18635079264641,0.03513765707612,0.059928961098194,-0.074468202888966,-0.033979725092649,0.038558058440685,0.029566112905741,-0.24086263775826,-0.10036920011044,0.020651435479522,-0.053142361342907,-0.0019821997266263,0.052433647215366,-0.11343334615231,0.045686312019825,0.14814718067646,-0.016021424904466,0.0031637803185731,0.07365470379591,-0.024408087134361,-0.11044453084469,0.031135264784098,0.054723016917706,-0.10100249946117,0.043371710926294,0.007817579433322,-0.022234128788114,-0.18316784501076,0.034770529717207,-0.023670062422752,-0.044216971844435,0.17518152296543,0.017810173332691,-0.033781334757805,-0.20494142174721,0.063244290649891,0.0092279203236103,0.057224731892347,-0.16495105624199,-0.15057611465454,-0.035230901092291,-0.062154624611139,-0.070358783006668,-0.089473284780979,-0.043284919112921,-0.13405278325081,0.0083511220291257,-0.02621765807271,0.066912226378918,-0.11118610203266,-0.1182127520442,0.082737103104591,0.033088508993387,0.024005478248,0.024578372016549,0.066093072295189,0.020566755905747,-0.068333260715008,0.034416548907757,0.075341798365116,-0.014378835447133,-0.023905888199806,-0.12733940780163,-0.029355214908719,-0.00040924022323452,0.060730341821909,-0.0010529896244407,0.15570202469826,-0.016873929649591,-0.049464225769043,0.11538290977478,0.092592053115368,-0.0091288285329938,-0.222441598773,-0.0019192280014977,-0.10681267082691,-0.043733213096857,-0.11081191152334,-0.13651007413864,-0.050230350345373,-0.073179699480534,0.058351330459118,-0.077297694981098,0.0012822998687625,0.013324921950698,-0.0088529326021671,0.094125367701054,0.090482831001282,0.025881180539727,0.071383826434612,-0.038341250270605,0.0061082579195499,-0.11504913121462,-0.01630599424243,-0.055485375225544,0.051280312240124,-0.005930982530117,-0.093242943286896,0.11787331849337,-0.015625320374966,0.094286687672138,0.060713369399309,0.040292736142874,0.095127053558826,-0.047582235187292,0.21582473814487,0.14899010956287,-0.10799793154001,0.14706425368786,0.03551447018981
-0.064249530434608,0.26050153374672,0.12347184866667,0.061180401593447,-0.06230791285634,0.072760410606861,-0.044900674372911,0.074468247592449,0.11785016208887,0.069913722574711,0.10284814983606,-0.055396128445864,-0.0073465062305331,-0.12780928611755,0.091633468866348,-0.052759304642677,-0.023280696943402,0.11580903828144,-0.10316681116819,-0.052657075226307,0.048069573938847,-0.0023479659575969,-0.034886464476585,0.019023736938834,0.078198656439781,-0.22653341293335,-0.054112661629915,0.045207239687443,-0.037809934467077,0.037208538502455,0.062806248664856,-0.10376484692097,0.074431903660297,0.11777399480343,0.02969347499311,-0.016267757862806,0.1392692476511,-0.088719882071018,-0.040401350706816,0.051527347415686,0.029174322262406,-0.069880068302155,0.10837227851152,-0.018071493133903,-0.0081659154966474,-0.18154260516167,0.073066681623459,-0.048750061541796,-0.017946295440197,0.12003830820322,0.13407161831856,-0.025972351431847,-0.17906849086285,0.059208534657955,-0.02119467034936,0.076584503054619,-0.094063743948936,-0.21417307853699,0.011974447406828,-0.081656791269779,-0.058602638542652,-0.12281077355146,-0.12766027450562,-0.15964442491531,0.023927776142955,-0.039233949035406,0.071399733424187,-0.11764169484377,-0.10048650950193,0.10031850636005,0.035756606608629,0.044019855558872,0.011286127381027,-0.013385622762144,0.0063518132083118,-0.044984892010689,0.013827596791089,0.10626559704542,-0.040450628846884,-0.05730265378952,-0.092581629753113,0.043953388929367,0.043957535177469,0.11989350616932,0.047639779746532,0.12629494071007,-0.043866764754057,-0.057594135403633,0.10791201144457,0.084293611347675,-0.11076608300209,-0.17630606889725,-0.015567726455629,-0.089104913175106,-0.03724280744791,-0.097655832767487,-0.12618111073971,0.0065723652951419,-0.10156331211329,0.062568612396717,-0.075937919318676,0.012672200798988,0.038831420242786,0.011924031190574,0.0909783244133,0.039573397487402,0.024951539933681,-0.0037749423645437,-0.062350530177355,0.038203708827496,-0.13756205141544,-0.066178523004055,-0.030168047174811,0.046112727373838,-0.033779188990593,-0.13562934100628,0.098292045295238,-0.022717455402017,0.032362807542086,0.00038225480238907,0.079097405076027,0.10149156302214,-0.011383519507945,0.14289180934429,0.1829764097929,-0.11253816634417,0.15038324892521,0.045804165303707
-0.038972910493612,0.18653830885887,0.12070149928331,0.053527064621449,-0.026110228151083,0.073354512453079,-0.028264427557588,0.080060563981533,0.11375089734793,0.052721675485373,0.14274674654007,-0.0059795961715281,0.016254665330052,-0.15118558704853,0.091447621583939,-0.060267690569162,-0.058268506079912,0.12171366810799,-0.15038004517555,-0.0019144989782944,0.033422775566578,0.023760369047523,0.0086042331531644,0.024294739589095,0.034730762243271,-0.2133020311594,-0.048320010304451,0.021757680922747,-0.059126473963261,0.0047079031355679,0.043056346476078,-0.10467705130577,0.067373685538769,0.15037833154202,0.0053455787710845,-0.018134225159883,0.10282926261425,-0.075358830392361,-0.060352846980095,0.086214855313301,0.056752324104309,-0.069284364581108,0.049391869455576,0.005140071734786,-0.082253992557526,-0.22176152467728,0.034359965473413,-0.022707702592015,0.019587201997638,0.18182070553303,0.11968928575516,-0.060211043804884,-0.22963389754295,0.068049877882004,-0.041204802691936,0.045385308563709,-0.10055105388165,-0.18995830416679,-0.020864801481366,-0.0070008258335292,-0.081127770245075,-0.12476652860641,-0.097447983920574,-0.13019831478596,0.019867183640599,-0.084149837493896,0.064107015728951,-0.099640697240829,-0.086790300905704,0.10209891945124,0.033692512661219,0.059314727783203,0.04765897244215,0.037113778293133,-0.010814080946147,-0.070946224033833,0.0045166015625,0.077135033905506,-0.046438947319984,-0.034683473408222,-0.060820318758488,0.0040683802217245,0.053980123251677,0.11087708175182,0.019504429772496,0.13223217427731,0.0048501077108085,-0.051255200058222,0.080162778496742,0.07292216271162,-0.067307457327843,-0.18127498030663,-0.025629321113229,-0.078115560114384,-0.058000180870295,-0.11917894333601,-0.17134723067284,-0.028418488800526,-0.10262411832809,0.057926680892706,-0.074337236583233,-0.001683424692601,0.040337849408388,0.00012425219756551,0.14536893367767,0.024126661941409,0.030068257823586,0.025022780522704,-0.040279719978571,0.04627414047718,-0.13042734563351,-0.0333466604352,-0.0046511744149029,0.077493667602539,-0.054679475724697,-0.12312322854996,0.12093389779329,0.0056252260692418,0.027025999501348,0.034355238080025,0.075687095522881,0.095419406890869,-0.043562788516283,0.17139787971973,0.16239950060844,-0.1271430850029,0.12710289657116,0.070150829851627
-0.047925848513842,0.25846162438393,0.076948493719101,0.081139199435711,-0.081457398831844,0.093715943396091,-0.031563967466354,0.067990250885487,0.11880044639111,0.045154076069593,0.12659233808517,-0.033645641058683,-0.022805513814092,-0.1652991771698,0.030235035344958,-0.051654152572155,-0.072727926075459,0.063719294965267,-0.10634168237448,-0.022921334952116,0.052193026989698,-0.062624573707581,-0.048996143043041,-0.016101107001305,0.062299586832523,-0.19611790776253,-0.054039523005486,0.0080297905951738,-0.065315835177898,0.025904009118676,0.043781366199255,-0.085581742227077,0.059086885303259,0.11860562115908,0.0004739742144011,0.0064182225614786,0.11476218700409,-0.071164339780807,-0.047647282481194,0.039431419223547,0.028014250099659,-0.11148857325315,0.081003054976463,-0.021924156695604,0.01178125012666,-0.14550285041332,0.087337449193001,-0.072597660124302,-0.073113657534122,0.11962493509054,0.091923274099827,0.0081239445134997,-0.18869046866894,0.072863288223743,0.010042645968497,0.073863103985786,-0.1215215921402,-0.20390200614929,-0.028688354417682,-0.068427182734013,-0.05042402818799,-0.12847131490707,-0.05114122480154,-0.18094438314438,0.058692693710327,-0.037017706781626,0.062881425023079,-0.092780716717243,-0.090368136763573,0.11679000407457,0.029011610895395,0.042335715144873,-0.0099686970934272,0.012421309016645,0.021944172680378,-0.034859359264374,0.035453405231237,0.1126005500555,-0.064312852919102,-0.040149051696062,-0.14013537764549,0.0090559888631105,0.018571522086859,0.093535214662552,-0.005498849786818,0.1554844379425,-0.031880829483271,-0.060117442160845,0.11438512802124,0.085936635732651,-0.082388751208782,-0.20962584018707,-0.02755474857986,-0.066515520215034,-0.037152376025915,-0.088640674948692,-0.090188816189766,-0.034786824136972,-0.061158489435911,0.069786809384823,-0.088472746312618,0.0045224572531879,-0.0057020164094865,0.0028307421598583,0.096003979444504,0.078976593911648,0.032939944416285,0.053512025624514,-0.10219392180443,0.017336219549179,-0.14795006811619,-0.053075261414051,-0.034573521465063,0.018829181790352,0.016623692587018,-0.12783820927143,0.079327993094921,-0.034844137728214,0.096124082803726,0.022269021719694,0.06341640651226,0.097784675657749,0.020461156964302,0.16848628222942,0.22256699204445,-0.089597538113594,0.1825005710125,0.038959495723248
-0.048258889466524,0.28752374649048,0.17578652501106,0.089222505688667,-0.040887728333473,0.11231372505426,-0.0072904694825411,0.033917900174856,0.12087274342775,0.021183272823691,0.074110358953476,-0.057190515100956,-0.056968007236719,-0.13326139748096,0.10923863947392,-0.036488074809313,-0.072475679218769,0.055721811950207,-0.14208848774433,-0.083766847848892,0.054302759468555,-0.0028481832705438,-0.059379864484072,-0.0021642020437866,0.11196632683277,-0.20379094779491,-0.098923228681087,0.0538320094347,-0.014146686531603,0.025553986430168,0.08805014193058,0.0041920300573111,0.029521372169256,0.13950625061989,0.033834390342236,0.0035070048179477,0.13404005765915,-0.061451699584723,-0.014784730039537,0.0099431350827217,0.081289827823639,-0.098249271512032,0.11385553330183,-0.082748711109161,0.027859101071954,-0.099334299564362,0.079264432191849,-0.063963785767555,-0.092684827744961,0.061496257781982,0.095065347850323,0.05205474421382,-0.12867201864719,0.047770489007235,0.038855340331793,0.073643565177917,-0.11704700440168,-0.16553880274296,-0.041011396795511,-0.098281294107437,-0.08588645607233,-0.096915185451508,-0.092523388564587,-0.17992772161961,0.045515660196543,0.081369385123253,0.059489190578461,-0.084586784243584,-0.14135955274105,0.16408272087574,0.025423804298043,0.061144512146711,-0.01456103194505,0.032228842377663,0.060987461358309,-0.036979030817747,0.026364853605628,0.059234645217657,-0.045887172222137,-0.045343179255724,-0.074836485087872,0.068895556032658,0.039116874337196,0.068496234714985,0.040136650204659,0.086776301264763,-0.038972981274128,-0.028103549033403,0.061987344175577,0.14579048752785,-0.025756848976016,-0.18659496307373,-0.041417565196753,-0.049367498606443,-0.050582367926836,-0.038470670580864,-0.069521762430668,-0.013166336342692,-0.02896230109036,0.061868187040091,-0.071233220398426,-0.010494613088667,-0.0015978863229975,0.029805552214384,0.040155839174986,0.083977952599525,0.0096319168806076,0.029627962037921,-0.029567938297987,-0.01518933288753,-0.10464303940535,-0.009714487940073,-0.087827578186989,0.015381773002446,0.081716030836105,-0.14470739662647,0.046410374343395,-0.028369029983878,0.098456956446171,0.035778068006039,0.13763046264648,0.11563665419817,0.042383790016174,0.13894471526146,0.21860371530056,-0.06475218385458,0.22328214347363,-0.00097605143673718
0.043717361986637,0.13698847591877,0.051451936364174,0.11123827844858,-0.082028307020664,0.083000749349594,0.0025054982397705,0.091440826654434,0.080640777945518,0.020646587014198,0.16397480666637,-0.02155651524663,0.059357326477766,-0.16939739882946,0.040488015860319,-0.011209106072783,-0.024122029542923,0.084193132817745,-0.15727151930332,0.069985933601856,0.070514768362045,-0.055248335003853,0.014262146316469,0.05374239385128,-0.024248957633972,-0.20007298886776,-0.099720560014248,-0.083328753709793,-0.093049451708794,0.020014790818095,0.012569806538522,-0.0056157382205129,0.051426351070404,0.17642371356487,-0.044932872056961,0.00024168626987375,0.10068263858557,0.0037055416032672,-0.081881895661354,0.053418852388859,-0.0025673354975879,-0.11164562404156,0.005460771266371,-0.040421929210424,-0.021723886951804,-0.18030175566673,0.059478290379047,-0.048212315887213,-0.04923889786005,0.19461469352245,0.1051389798522,-0.07115513086319,-0.18630407750607,0.098765879869461,-0.0073958691209555,0.031365398317575,-0.062315240502357,-0.19246387481689,0.020233137533069,-0.011618974618614,-0.059445075690746,-0.094810426235199,-0.076295994222164,-0.20532160997391,0.033377356827259,-0.081062585115433,0.068174593150616,-0.10151559114456,-0.098180562257767,0.051664460450411,-0.021366029977798,0.0059963366948068,-0.013996659778059,0.074154615402222,-0.015868101269007,-0.089086398482323,0.069117911159992,0.086184553802013,-0.054741740226746,0.012489668093622,-0.091633103787899,-0.068197585642338,-0.041181575506926,-0.0014960595872253,-0.0052404049783945,0.20385909080505,-0.021066099405289,-0.12092501670122,0.055134639143944,0.068024255335331,-0.028535971418023,-0.19880156219006,-0.040489710867405,-0.059980221092701,-0.052110962569714,-0.028714347630739,-0.11719808727503,-0.036234054714441,-0.066252626478672,0.084824800491333,-0.046416290104389,-0.003512577386573,-0.0027377919759601,0.057894710451365,0.14227788150311,0.027869954705238,0.031697914004326,0.059292145073414,-0.062299326062202,0.010033098049462,-0.19427099823952,0.0037475437857211,0.00056364462943748,-0.012662128545344,-0.0017872176831588,-0.07998838275671,0.12110416591167,-0.045181591063738,0.050590883940458,0.05663214251399,0.02528265491128,0.088798098266125,0.01144983805716,0.22268280386925,0.17988014221191,-0.12094347178936,0.13834296166897,0.028554754331708
0.010489595122635,0.17258433997631,0.036288365721703,0.094569720327854,-0.086042195558548,0.079131543636322,-0.02327779494226,0.072132453322411,0.089933998882771,0.036729775369167,0.15298475325108,-0.034160044044256,0.054752819240093,-0.18548578023911,0.0073623009957373,0.013154537416995,-0.072931751608849,0.092176117002964,-0.1473700851202,0.062435336410999,0.10547088086605,-0.077095806598663,-0.010820313356817,-0.0060190027579665,-0.0060613206587732,-0.16808746755123,-0.10814542323351,-0.082225352525711,-0.075078412890434,0.05026426166296,0.0085122948512435,0.0099555375054479,0.052713379263878,0.14570663869381,-0.0056741209700704,0.0033296118490398,0.10898109525442,-0.012337373569608,-0.032083261758089,0.010618606582284,-0.013650803826749,-0.14173939824104,0.053730722516775,-0.01770893484354,0.0023772655986249,-0.17077925801277,0.094070665538311,-0.047390419989824,-0.066557601094246,0.15914660692215,0.090161681175232,-0.037017423659563,-0.18620969355106,0.11595410108566,0.014736061915755,0.026269357651472,-0.054559241980314,-0.2448349148035,0.002841955749318,-0.061646074056625,-0.031464248895645,-0.12314616888762,-0.055729180574417,-0.16277991235256,0.026730205863714,-0.07669897377491,0.054714240133762,-0.087502844631672,-0.05535701662302,0.046244416385889,-0.014984482899308,0.0069945985451341,-0.024287883192301,0.038024291396141,-0.015655649825931,-0.084392607212067,0.049658216536045,0.10344278812408,-0.059673137962818,0.01731582544744,-0.078345403075218,-0.032217372208834,-0.033128902316093,0.04323710873723,-0.010240005329251,0.21453741192818,-0.035175062716007,-0.080961778759956,0.10601393133402,0.076157599687576,-0.045667599886656,-0.19163098931313,-0.065954640507698,-0.053801514208317,-0.081756226718426,-0.050373002886772,-0.12034081667662,0.0059559280052781,-0.061913829296827,0.060390040278435,-0.031348280608654,-0.0056099966168404,0.0014916528016329,0.040221434086561,0.15199407935143,0.043869901448488,0.036936420947313,0.097903072834015,-0.056452993303537,0.027002243325114,-0.21223348379135,-0.024553285911679,-0.047588597983122,-0.017558803781867,0.0127307260409,-0.087507180869579,0.10879425704479,-0.055293425917625,0.058780774474144,0.027603344991803,0.042459666728973,0.10045237839222,0.059062693268061,0.19814610481262,0.17142564058304,-0.11757817864418,0.17181147634983,0.052373949438334
0.0026183947920799,0.20273660123348,0.11074585467577,0.079990014433861,-0.066894009709358,0.11262138187885,-0.020602146163583,0.11760472506285,0.1267741471529,0.081894151866436,0.13928231596947,-0.056901197880507,0.050359755754471,-0.1286246329546,0.09095162153244,-0.017581032589078,0.0011116785462946,0.070596039295197,-0.16222803294659,-0.010400368832052,0.090108141303062,-0.045891605317593,0.0031084381043911,0.017176549881697,0.040370143949986,-0.2247492223978,-0.1008617579937,-0.023426380008459,-0.060689345002174,0.011824869550765,0.071829065680504,-0.054337188601494,0.060271237045527,0.14596819877625,-0.0095522003248334,0.0089630233123899,0.10844925791025,0.020546521991491,-0.067100375890732,0.024083163589239,-0.01869311183691,-0.082727961242199,-0.0029718815349042,-0.078976482152939,0.0041919713839889,-0.16910049319267,0.010971167124808,-0.038895301520824,-0.038667656481266,0.12820215523243,0.12619937956333,0.0056856186129153,-0.1783868521452,0.058574661612511,-0.0080897565931082,0.044210150837898,-0.075908705592155,-0.21036620438099,0.0045785591937602,-0.083337351679802,-0.07089126855135,-0.13660261034966,-0.11258494853973,-0.21586555242538,0.051839452236891,-0.039609145373106,0.061504401266575,0.0063093579374254,-0.10065390169621,0.10464309900999,0.049196358770132,0.052895169705153,-0.038600038737059,-0.034078281372786,-0.017092987895012,-0.030990464612842,0.040655050426722,0.097520366311073,-0.030819348990917,0.0024713519960642,-0.1231376901269,-0.036075431853533,0.020249491557479,0.056110721081495,0.026495017111301,0.11551755666733,-0.0075231376104057,-0.044750016182661,0.12132520228624,0.083758383989334,-0.10067628324032,-0.20228844881058,-0.023106351494789,-0.010143558494747,-0.078707285225391,-0.062680967152119,-0.093215964734554,-0.056875374168158,-0.095119073987007,0.083340801298618,-0.0071893827989697,0.014613455161452,-0.033873148262501,0.014240920543671,0.1050096154213,0.033783163875341,0.011871905066073,-0.028672847896814,-0.018108719959855,-0.0097566824406385,-0.18219424784184,-0.0018612348940223,-0.035963285714388,0.025656264275312,0.06485828012228,-0.076726324856281,0.036138821393251,-0.018348386511207,0.01969869621098,0.057031750679016,0.035230226814747,0.099640600383282,0.019220173358917,0.20086753368378,0.24944224953651,-0.089062705636024,0.18784773349762,0.028434455394745
-0.019000928848982,0.24025912582874,0.12619724869728,0.074608661234379,-0.049820344895124,0.11430507153273,-0.082677721977234,0.052711453288794,0.097589775919914,0.0094487899914384,0.12113687396049,-0.054840702563524,-0.041031654924154,-0.14799463748932,0.062406204640865,-0.053381823003292,-0.061589855700731,0.10789380222559,-0.093315087258816,-0.01529045496136,0.086629301309586,0.010365218855441,-0.014820834621787,0.0015253311721608,0.10057493299246,-0.19241099059582,-0.029732324182987,0.047080501914024,-0.020250361412764,0.020505085587502,0.06223426014185,-0.11994996666908,0.059478107839823,0.11379753053188,0.055147897452116,0.0090717142447829,0.10130314528942,-0.083539508283138,-0.019130857661366,-0.0083804652094841,0.015011877752841,-0.075209990143776,0.092973761260509,0.013658999465406,-0.033185638487339,-0.19329266250134,0.083321623504162,-0.040653400123119,-0.044424686580896,0.15594537556171,0.10009099543095,0.03890959918499,-0.16450788080692,0.079147718846798,0.018963487818837,0.031417865306139,-0.093375332653522,-0.20866449177265,-0.020559540018439,-0.14032465219498,-0.06737769395113,-0.12056660652161,-0.038091231137514,-0.1276466101408,0.0051712142303586,-0.016508899629116,0.066187247633934,-0.11142571270466,-0.091612197458744,0.15281626582146,0.033356435596943,0.043193373829126,0.015668153762817,0.0036162945907563,0.00069474877091125,-0.095264822244644,0.01133822184056,0.075393304228783,-0.034017611294985,-0.012047274038196,-0.059874035418034,0.059793502092361,0.052562654018402,0.077966786921024,0.075766757130623,0.097427807748318,-0.064022377133369,-0.00025363374152221,0.13520102202892,0.12496825307608,-0.031489875167608,-0.16856242716312,-0.067589059472084,-0.042629886418581,-0.038142830133438,-0.12305228412151,-0.11095596849918,0.039983820170164,-0.099882386624813,0.022365750744939,-0.064488463103771,0.034336362034082,0.038402769714594,-0.035209368914366,0.075921528041363,0.090374484658241,0.061925906687975,0.0031053826678544,-0.0047510778531432,0.014325827360153,-0.099511943757534,-0.026987811550498,-0.050132874399424,0.071229472756386,0.033910416066647,-0.13782262802124,0.11128117144108,-0.036770362406969,0.076276063919067,0.0068839197047055,0.087743952870369,0.083638593554497,0.046647664159536,0.11104176938534,0.19149473309517,-0.10221865028143,0.27542051672935,0.069819301366806
0.038410868495703,0.16170057654381,0.09199021011591,0.11954610049725,-0.083873733878136,0.076527632772923,-0.04065864533186,0.074198991060257,0.096210055053234,-0.0092060239985585,0.13310727477074,-0.03097097016871,0.0077305492013693,-0.15976148843765,0.017855925485492,-0.039697378873825,-0.040852032601833,0.086438566446304,-0.098943300545216,0.057718046009541,0.11053445190191,-0.026639755815268,-0.022721081972122,-0.0071763256564736,0.032800670713186,-0.17855827510357,-0.088843494653702,-0.020301563665271,-0.076469592750072,0.052992571145296,0.011866868473589,-0.072103828191757,0.063500851392746,0.12623347342014,0.038685418665409,-0.010676360689104,0.11269940435886,-0.031360555440187,-0.027068255469203,-0.034646347165108,-0.039883702993393,-0.083034031093121,0.05775224417448,-0.021167309954762,-0.0064151594415307,-0.19427378475666,0.062718600034714,-0.063691347837448,-0.012718890793622,0.19554115831852,0.10241957753897,0.018499808385968,-0.15164437890053,0.12168780714273,0.040544614195824,-0.0069603859446943,-0.064032569527626,-0.26064103841782,-0.010085785761476,-0.10453956574202,-0.020515004172921,-0.13707567751408,-0.065674521028996,-0.15122100710869,-0.0051059690304101,-0.076525248587132,0.078417502343655,-0.11369378119707,-0.071956507861614,0.062393259257078,0.026597956195474,0.0031567951664329,-0.00061488652136177,0.015856273472309,-0.051511969417334,-0.083129048347473,0.051893405616283,0.058135364204645,-0.021253222599626,0.049229260534048,-0.069601818919182,-0.012099646031857,0.013195427134633,0.056273341178894,0.090855702757835,0.1238996386528,-0.064486406743526,-0.037626177072525,0.14533168077469,0.096541598439217,-0.052421033382416,-0.16910561919212,-0.056227125227451,-0.020195834338665,-0.079350866377354,-0.10492470115423,-0.08456364274025,0.0048741130158305,-0.095625258982182,0.036781523376703,-0.028722088783979,0.056180212646723,0.02110305801034,-0.016947628930211,0.11093873530626,0.05617006868124,0.088267132639885,0.028431555256248,-0.017965707927942,0.048273969441652,-0.15862104296684,-0.060000371187925,-0.057711746543646,0.02848937548697,0.019047604873776,-0.093521744012833,0.14134348928928,-0.042822182178497,0.033794350922108,-0.0015483385650441,0.025797538459301,0.10411363840103,0.068250045180321,0.14197365939617,0.21736589074135,-0.12283739447594,0.28050523996353,0.067453101277351
0.021425850689411,0.087143823504448,0.11087940633297,0.073387466371059,-0.029553413391113,0.075135797262192,0.049165714532137,0.11925088614225,0.17038410902023,-0.077455468475819,0.12724784016609,0.012537624686956,0.0042680269107223,-0.18617780506611,0.011413580738008,-0.025290256366134,-0.1330032646656,-0.0069900709204376,-0.19804637134075,0.082876615226269,0.11715886741877,-0.043483089655638,-0.062832348048687,0.014911054633558,-0.02200523391366,-0.18049193918705,-0.13898323476315,-0.037790786474943,-0.060812395066023,-0.0056053758598864,0.04848500341177,-0.051651407033205,0.029026530683041,0.15742583572865,-0.006728139705956,0.029434463009238,0.10281430929899,-0.016989318653941,-0.05849115550518,0.0050113801844418,0.07897886633873,-0.087434850633144,0.043317351490259,-0.05676106736064,0.022139880806208,-0.19268247485161,0.022217689082026,-0.053630363196135,-0.01277737505734,0.17708089947701,-0.063512951135635,-0.065106265246868,-0.17197293043137,0.12178748100996,0.079525642096996,0.023826042190194,-0.14842922985554,-0.14804488420486,-0.1369182318449,-0.0092908097431064,-0.068510100245476,-0.089715301990509,-0.0050795613788068,-0.15580983459949,0.016974665224552,-0.024861497804523,0.057330641895533,-0.10428788512945,-0.077796436846256,0.013540036045015,0.02631582133472,0.025120615959167,-0.0087206531316042,0.08781698346138,0.024141367524862,-0.041478537023067,0.076557323336601,0.068216651678085,-0.01746672950685,0.009792816825211,-0.062884867191315,-0.030047822743654,0.010791316628456,0.065335191786289,0.0078807743266225,0.19407013058662,0.011745748110116,0.0022546858526766,0.07172404974699,0.090915739536285,0.072175107896328,-0.22012156248093,-0.060921456664801,-0.02055543102324,-0.065300598740578,-0.051756873726845,-0.11464304476976,-0.07987954467535,-0.061690218746662,0.098578497767448,-0.05647299438715,-0.062714643776417,-0.05066991969943,-0.029340334236622,0.11537390202284,0.11716663837433,0.058572288602591,0.062492229044437,-0.05707885324955,0.015508329495788,-0.16701258718967,-0.040567249059677,-0.063563413918018,0.016956005245447,0.057308420538902,-0.038902644068003,0.13069118559361,0.007951389066875,0.043454088270664,0.069871559739113,0.036558296531439,0.1141554042697,0.040549866855145,0.20614203810692,0.13547122478485,-0.064862601459026,0.17499484121799,0.041784185916185
-0.036578480154276,0.22589780390263,0.11041307449341,0.066979542374611,-0.050443269312382,0.1137992888689,-0.07108149677515,0.085924498736858,0.17162388563156,0.0085514886304736,0.11644379794598,-0.029864188283682,-0.029445452615619,-0.17586825788021,0.031946916133165,-0.01415712852031,-0.096421919763088,0.034285176545382,-0.15616230666637,0.011362467892468,0.08934036642313,-0.014564892277122,-0.018537731841207,-0.0043776798993349,0.038500882685184,-0.18183252215385,-0.052654553204775,0.0084950160235167,-0.040109690278769,0.00093544245464727,0.072719775140285,-0.08334942907095,0.06790105253458,0.13039779663086,0.0031299025285989,0.035977873951197,0.12299213558435,-0.029835034161806,-0.050295922905207,0.034195598214865,0.016431499272585,-0.08679423481226,0.04657644405961,-0.052143961191177,0.018298234790564,-0.17602826654911,0.067942664027214,-0.051282487809658,-0.032621819525957,0.16962377727032,0.063106842339039,0.034156229346991,-0.18309426307678,0.092242918908596,0.041004627943039,0.039813440293074,-0.085917368531227,-0.22679637372494,-0.058673821389675,-0.10769091546535,-0.078165784478188,-0.1319172680378,-0.044487550854683,-0.16498844325542,0.019137589260936,-0.046184252947569,0.073269173502922,-0.051239103078842,-0.065921179950237,0.13481160998344,0.032721232622862,0.051587101072073,-0.012812514789402,0.023887621238828,0.035885285586119,-0.050617650151253,0.023033125326037,0.11529558897018,-0.049401842057705,-0.011191721074283,-0.072731301188469,0.048459228128195,0.041836708784103,0.10420613735914,0.050889685750008,0.1370290517807,-0.029931858181953,0.022416794672608,0.13004851341248,0.10584769397974,-0.044942568987608,-0.19522039592266,-0.05947108194232,-0.0026613972149789,-0.048884704709053,-0.085145615041256,-0.1060805618763,-0.021356176584959,-0.082970269024372,0.058307379484177,-0.054435815662146,-0.029647685587406,-0.036391615867615,-0.02360206656158,0.090765759348869,0.087650217115879,0.029301276430488,-0.0051135076209903,-0.044680826365948,0.016444297507405,-0.14859715104103,-0.0015442011645064,-0.039746657013893,0.052196022123098,0.055330749601126,-0.099000081419945,0.069243617355824,-0.029701046645641,0.05410173907876,0.034842126071453,0.077564068138599,0.13297720253468,0.072380267083645,0.1505868434906,0.19636443257332,-0.077254831790924,0.22975546121597,0.059594560414553
